first_name,last_name,email,country,ip_address
Eugene,Taylor,etaylor0@lulu.com,Poland,158.123.237.210
Justin,Gutierrez,jgutierrez1@tiny.cc,Portugal,189.93.116.245
Amy,Hudson,ahudson2@nbcnews.com,China,131.7.173.84
Rose,Fowler,rfowler3@newsvine.com,Indonesia,63.245.161.196
Shirley,Boyd,sboyd4@sourceforge.net,Nigeria,38.148.83.85
Lillian,Collins,lcollins5@businessweek.com,China,140.112.85.14
Carolyn,George,cgeorge6@ifeng.com,Colombia,242.40.247.180
Terry,Mcdonald,tmcdonald7@ifeng.com,China,116.56.43.208
Ruby,Stephens,rstephens8@blogspot.com,Mexico,197.58.157.169
Heather,Gordon,hgordon9@google.es,Indonesia,89.153.175.23
Patrick,Lawson,plawsona@pagesperso-orange.fr,Canada,195.161.96.150
Teresa,Ward,twardb@twitter.com,China,62.180.45.198
Paul,George,pgeorgec@de.vu,South Africa,184.196.34.210
Julie,Vasquez,jvasquezd@google.cn,Peru,217.38.139.236
Betty,Lawson,blawsone@hostgator.com,Philippines,75.178.246.174
Cheryl,Hudson,chudsonf@un.org,Netherlands,171.8.207.88
Arthur,Ortiz,aortizg@yahoo.com,United States,198.234.147.90
Bonnie,Walker,bwalkerh@ihg.com,China,193.70.128.112
Cynthia,Lawrence,clawrence39@usnews.com,Russia,239.87.6.86
Phillip,Mason,pmason3a@altervista.org,Portugal,177.71.14.241
Christopher,Clark,cclark3b@1und1.de,Luxembourg,231.98.169.218
Rachel,Henry,rhenry3c@webs.com,Cameroon,36.171.46.24
Maria,Bishop,mbishop3d@cbsnews.com,Niger,144.8.90.205
Annie,Martin,amartin3e@google.ru,Serbia,248.161.244.36
Jonathan,Warren,jwarrenn@tuttocitta.it,China,88.222.67.151
Marie,Kelly,mkellyo@rediff.com,Indonesia,192.237.39.207
Louis,Ortiz,lortizp@hibu.com,China,99.32.222.241
Emily,Stanley,estanleyq@vimeo.com,Colombia,53.145.47.242
Brandon,Duncan,bduncanr@foxnews.com,Peru,110.89.5.168
Stephen,Lawrence,slawrences@uol.com.br,China,207.167.59.254
Bobby,Bell,bbellt@google.com.hk,Brazil,190.176.179.92
Victor,Howard,vhowardu@npr.org,Argentina,226.217.41.240
Chris,Grant,cgrantv@epa.gov,Netherlands,209.208.63.231
Frank,Lopez,flopezw@imageshack.us,Myanmar,154.214.156.214
Samuel,Murray,smurrayx@newsvine.com,Brazil,66.90.69.167
Margaret,Ortiz,mortizy@scientificamerican.com,Slovenia,97.34.225.234
Walter,Webb,wwebbz@booking.com,Indonesia,150.167.253.181
Shawn,Kelley,skelley10@trellian.com,China,165.32.87.201
Alan,Edwards,aedwards11@purevolume.com,Thailand,221.174.170.63
Debra,Scott,dscott12@ehow.com,Poland,216.92.56.233
Roger,Crawford,rcrawford13@diigo.com,United Kingdom,122.52.16.101
Matthew,Lewis,mlewis14@mtv.com,China,65.150.112.182
Harold,Castillo,hcastillo15@nifty.com,Finland,213.36.84.215
Timothy,Patterson,tpatterson16@clickbank.net,Poland,159.86.217.58
Edward,Perkins,eperkins17@ezinearticles.com,South Africa,209.41.120.239
Timothy,Chavez,tchavez18@time.com,China,173.209.30.67
Russell,Cook,rcook19@ning.com,Ukraine,214.104.173.11
Bonnie,Berry,bberry1a@sakura.ne.jp,Croatia,48.252.32.74
Joseph,Hanson,jhanson1b@barnesandnoble.com,China,131.70.1.54
Ashley,Armstrong,aarmstrong1c@tripadvisor.com,Russia,11.156.144.107
Kathy,Washington,kwashington1d@home.pl,Philippines,249.235.67.69
Lawrence,Peters,lpeters1e@google.it,Martinique,11.84.117.191
Diana,Wagner,dwagner1f@dailymail.co.uk,Libya,187.78.146.127
Barbara,Burke,bburke1g@msn.com,Bolivia,212.196.34.17
David,White,dwhite1h@columbia.edu,China,138.39.47.186
Irene,Greene,igreene1i@plala.or.jp,Philippines,91.11.161.148
Gloria,Lynch,glynch1j@phpbb.com,Russia,9.130.175.89
Dennis,Robinson,drobinson1k@is.gd,Indonesia,29.35.69.101
Amy,Fields,afields1l@reverbnation.com,China,80.100.16.96
Pamela,Hughes,phughes1m@hao123.com,Sudan,90.75.191.145
Anne,Young,ayoung1n@sbwire.com,China,38.232.214.133
Aaron,Schmidt,aschmidt1o@woothemes.com,Peru,202.185.163.82
Rachel,Oliver,roliver1p@blogspot.com,China,3.137.16.7
Paul,Watkins,pwatkins1q@meetup.com,Pakistan,102.162.208.63
Phyllis,Weaver,pweaver1r@ucla.edu,South Africa,158.45.96.79
Kevin,White,kwhite1s@constantcontact.com,China,123.1.159.251
Roy,Coleman,rcoleman1t@shop-pro.jp,France,160.186.197.138
Kimberly,Kelly,kkelly1u@go.com,Portugal,252.226.195.185
Raymond,Hall,rhall1v@ycombinator.com,Liberia,77.89.186.10
Carolyn,Martin,cmartin1w@webmd.com,Philippines,251.181.46.184
Kathleen,Frazier,kfrazier1x@google.com.hk,Iran,22.243.147.127
Henry,Rice,hrice1y@tiny.cc,Madagascar,148.124.153.92
Scott,Larson,slarson1z@hao123.com,Indonesia,203.151.56.194
William,Murray,wmurray20@weather.com,Czech Republic,238.247.186.61
Kelly,Porter,kporter21@ihg.com,Philippines,191.215.158.118
Mary,Holmes,mholmes22@nature.com,Poland,224.216.224.129
Antonio,Walker,awalker23@github.io,Brazil,239.199.142.177
Philip,James,pjames24@fda.gov,China,50.170.74.156
James,Arnold,jarnold25@umn.edu,Mexico,104.148.228.63
Bobby,Jackson,bjackson26@aboutads.info,China,91.229.131.113
Chris,Garrett,cgarrett27@woothemes.com,Czech Republic,93.201.82.164
Antonio,Harvey,aharvey28@plala.or.jp,Greece,197.167.127.206
Charles,Garza,cgarza29@timesonline.co.uk,Uganda,190.68.71.131
Lois,White,lwhite2a@google.com,Venezuela,113.243.242.93
Jason,Nichols,jnichols2b@census.gov,Brazil,141.214.121.213
Emily,Castillo,ecastillo2c@hud.gov,Portugal,37.61.90.73
Daniel,Simmons,dsimmons2d@themeforest.net,Philippines,247.158.2.15
Victor,Campbell,vcampbell2e@archive.org,Bosnia and Herzegovina,162.7.57.20
Eric,Howell,ehowell2f@wisc.edu,United States,209.250.166.205
Chris,Stanley,cstanley2g@npr.org,Philippines,182.39.238.164
Dorothy,Carpenter,dcarpenter2h@goodreads.com,Indonesia,138.53.12.241
Julia,Young,jyoung2i@newsvine.com,China,116.64.149.176
Raymond,Turner,rturner2j@sun.com,Sweden,163.129.95.111
Andrea,Moore,amoore2k@businesswire.com,Indonesia,168.204.133.50
Paula,Gutierrez,pgutierrez2l@cdc.gov,China,102.215.231.9
Scott,Gonzalez,sgonzalez2m@skyrock.com,China,230.157.56.133
Diana,Washington,dwashington2n@salon.com,Micronesia,18.19.202.3
Billy,Evans,bevans2o@symantec.com,China,199.254.33.48
Jane,Banks,jbanks2p@army.mil,Indonesia,47.127.167.117
Judy,Cunningham,jcunningham2q@desdev.cn,Luxembourg,214.225.162.124
Jesse,Olson,jolson2r@geocities.com,Indonesia,175.7.218.189
Marilyn,Cox,mcox2s@twitpic.com,Dominican Republic,123.22.16.35
Louis,Cunningham,lcunningham2t@alibaba.com,Myanmar,181.27.22.151
Christine,Tucker,ctucker2u@1und1.de,Peru,247.227.100.223
Debra,Reid,dreid2v@utexas.edu,Indonesia,123.120.33.55
Gary,Day,gday2w@icq.com,Colombia,163.32.34.34
Craig,Hunter,chunter2x@com.com,Russia,55.243.124.163
Carlos,Hart,chart2y@posterous.com,Norway,100.84.75.131
Marilyn,Ford,mford2z@irs.gov,China,247.12.121.169
Russell,Garcia,rgarcia30@sogou.com,Malaysia,114.202.159.158
Lisa,Cook,lcook31@ucoz.com,Russia,116.131.77.232
Donna,Watson,dwatson32@house.gov,Indonesia,59.244.93.244
Sandra,Hughes,shughes33@arizona.edu,China,4.229.149.251
Anne,Arnold,aarnold34@latimes.com,France,209.5.197.59
Amy,Kelley,akelley35@paginegialle.it,Jordan,159.162.57.181
Sara,Crawford,scrawford36@yelp.com,Poland,24.14.166.168
Samuel,Price,sprice37@comcast.net,China,92.10.208.148
Kathleen,Robinson,krobinson38@yellowbook.com,Indonesia,40.201.37.122
Cynthia,Lawrence,clawrence39@usnews.com,Russia,239.87.6.86
Phillip,Mason,pmason3a@altervista.org,Portugal,177.71.14.241
Christopher,Clark,cclark3b@1und1.de,Luxembourg,231.98.169.218
Rachel,Henry,rhenry3c@webs.com,Cameroon,36.171.46.24
Maria,Bishop,mbishop3d@cbsnews.com,Niger,144.8.90.205
Annie,Martin,amartin3e@google.ru,Serbia,248.161.244.36
Patrick,Greene,pgreene3f@pinterest.com,China,39.97.229.122
Antonio,Green,agreen3g@arstechnica.com,Cuba,44.149.27.238
Sean,Perkins,sperkins3h@timesonline.co.uk,Indonesia,137.18.59.134
Diana,Ramos,dramos3i@scientificamerican.com,Poland,252.89.232.110
Julie,Cook,jcook3j@blogspot.com,Colombia,229.143.96.152
Mildred,Cunningham,mcunningham3k@vistaprint.com,Portugal,188.244.75.148
Carlos,Duncan,cduncan3l@cbslocal.com,Poland,246.196.154.13
Charles,Patterson,cpatterson3m@webmd.com,China,135.149.140.18
Phyllis,Johnson,pjohnson3n@ox.ac.uk,China,137.43.188.110
Julie,Larson,jlarson3o@newyorker.com,Mali,148.56.180.39
Martin,Snyder,msnyder3p@edublogs.org,China,45.142.179.111
Joseph,Bishop,jbishop3q@github.io,Bangladesh,129.216.92.130
John,Parker,jparker3r@privacy.gov.au,Morocco,249.115.189.238
Alan,Wagner,awagner3s@abc.net.au,Poland,197.13.80.218
Kathleen,Ward,kward3t@fda.gov,China,247.232.174.81
Henry,Graham,hgraham3u@yelp.com,Iran,26.67.47.137
Mark,Sullivan,msullivan3v@t-online.de,France,182.155.66.75
Jessica,Diaz,jdiaz3w@ca.gov,Bulgaria,89.239.211.88
Marie,Smith,msmith3x@topsy.com,China,8.116.202.186
Johnny,Reed,jreed3y@people.com.cn,Indonesia,228.67.24.192
Wayne,Dunn,wdunn3z@bbb.org,China,107.175.25.132
Harry,Fernandez,hfernandez40@shutterfly.com,Russia,158.155.8.205
Laura,Sanchez,lsanchez41@utexas.edu,Poland,165.212.108.9
Jean,Hill,jhill42@webeden.co.uk,Philippines,120.186.96.82
Michelle,Welch,mwelch43@plala.or.jp,China,182.65.6.51
Joshua,Dean,jdean44@hexun.com,Iran,168.146.80.17
Paul,Perry,pperry45@unicef.org,Greece,79.254.16.12
Emily,Cook,ecook46@walmart.com,Afghanistan,108.232.23.188
Sharon,Holmes,sholmes47@e-recht24.de,Argentina,53.151.69.18
Larry,Boyd,lboyd48@aboutads.info,France,64.194.91.132
Brandon,Carpenter,bcarpenter49@amazon.com,China,68.250.251.242
Amy,Ruiz,aruiz4a@unc.edu,Bulgaria,198.3.218.82
Pamela,Nichols,pnichols4b@tamu.edu,Poland,237.148.37.193
Kelly,Green,kgreen4c@omniture.com,Russia,146.153.155.180
Edward,Gonzales,egonzales4d@google.com,China,165.234.194.164
Philip,Cole,pcole4e@ustream.tv,Mexico,44.91.92.232
Juan,Kelly,jkelly4f@instagram.com,China,76.9.107.244
Mark,Riley,mriley4g@jimdo.com,Indonesia,58.40.130.188
Beverly,Thomas,bthomas4h@washington.edu,Sweden,151.204.211.248
Diane,Gutierrez,dgutierrez4i@furl.net,China,113.237.210.136
Martha,Harris,mharris4j@cafepress.com,China,205.143.45.5
Bruce,Andrews,bandrews4k@mysql.com,China,153.117.202.183
Alan,Lynch,alynch4l@nps.gov,Bulgaria,233.17.135.96
Kimberly,Wells,kwells4m@biblegateway.com,Russia,196.164.49.118
Antonio,Perry,aperry4n@hexun.com,Yemen,233.227.30.57
Joe,Smith,jsmith4o@princeton.edu,Czech Republic,60.161.185.133
Brandon,Gonzalez,bgonzalez4p@goo.ne.jp,Finland,225.81.57.143
Gary,Duncan,gduncan4q@oracle.com,Russia,88.214.69.111
Russell,Hicks,rhicks4r@so-net.ne.jp,Sweden,209.215.209.98
Joe,Holmes,jholmes4s@opera.com,Portugal,238.25.94.234
Alice,Bowman,abowman4t@cdc.gov,Czech Republic,118.15.126.71
Ronald,Watson,rwatson4u@networkadvertising.org,Indonesia,119.111.25.223
Carl,Montgomery,cmontgomery4v@addthis.com,Indonesia,212.4.95.11
Helen,Fuller,hfuller4w@google.it,Poland,79.188.142.20
Rose,Daniels,rdaniels4x@ucoz.ru,Ukraine,60.70.194.90
Keith,Romero,kromero4y@symantec.com,Sweden,99.45.220.210
Jimmy,Burns,jburns4z@guardian.co.uk,Russia,123.175.140.44
Helen,Wheeler,hwheeler50@cisco.com,Portugal,181.229.191.181
Terry,Richardson,trichardson51@canalblog.com,China,38.218.100.45
Gloria,Green,ggreen52@miibeian.gov.cn,Indonesia,137.233.82.49
Patricia,Matthews,pmatthews53@pen.io,Belarus,239.56.56.20
Barbara,Mccoy,bmccoy54@howstuffworks.com,Czech Republic,188.20.112.170
Harry,Cooper,hcooper55@cnet.com,Kenya,124.64.219.196
Benjamin,Adams,badams56@alibaba.com,Philippines,222.84.73.104
Tammy,Bailey,tbailey57@bloglines.com,China,75.82.81.211
Susan,Mills,smills58@go.com,Peru,65.128.134.250
Christina,Thompson,cthompson59@fc2.com,Philippines,1.252.47.116
Thomas,Bowman,tbowman5a@jalbum.net,Philippines,61.70.181.207
Jack,Morrison,jmorrison5b@adobe.com,Poland,122.120.171.37
Benjamin,Torres,btorres5c@umn.edu,China,167.207.15.21
Linda,Fields,lfields5d@elegantthemes.com,China,77.41.210.109
Barbara,Murphy,bmurphy5e@statcounter.com,Isle of Man,160.246.229.57
Sharon,Elliott,selliott5f@t.co,Spain,250.85.161.122
Earl,Murray,emurray5g@washingtonpost.com,Finland,180.30.76.149
Irene,Rivera,irivera5h@dedecms.com,Peru,133.109.72.151
Margaret,Long,mlong5i@google.fr,China,168.16.12.120
Donna,Gibson,dgibson5j@oakley.com,Portugal,81.23.241.42
Sarah,Hawkins,shawkins5k@google.ca,Turks and Caicos Islands,47.128.172.78
Gary,Anderson,ganderson5l@kickstarter.com,Vietnam,59.81.230.209
Theresa,Mitchell,tmitchell5m@princeton.edu,China,241.145.60.84
Emily,Armstrong,earmstrong5n@un.org,China,70.46.64.167
Martha,Gutierrez,mgutierrez5o@sun.com,Albania,84.118.88.238
Brian,Smith,bsmith5p@over-blog.com,China,66.154.234.255
Denise,Frazier,dfrazier5q@imgur.com,Gambia,119.230.223.62
Earl,Owens,eowens5r@google.com,Morocco,65.213.90.147
Mildred,Brooks,mbrooks5s@house.gov,Yemen,71.254.43.252
Susan,Gordon,sgordon5t@ucsd.edu,Philippines,40.87.207.225
Stephanie,Welch,swelch5u@mit.edu,Argentina,3.234.37.75
Emily,Patterson,epatterson5v@reuters.com,Mexico,209.72.64.83
Joyce,Payne,jpayne5w@webeden.co.uk,Indonesia,106.81.24.157
Scott,James,sjames5x@bloglovin.com,Croatia,62.227.226.135
Janice,Greene,jgreene5y@blogtalkradio.com,Argentina,13.171.76.240
Joyce,Murphy,jmurphy5z@ucla.edu,Russia,213.104.192.157
Antonio,Campbell,acampbell60@ask.com,Russia,227.173.148.156
Virginia,Robinson,vrobinson61@whitehouse.gov,China,64.52.143.153
Julia,Snyder,jsnyder62@pinterest.com,Indonesia,159.42.225.235
Janice,Sims,jsims63@comcast.net,Brazil,19.209.173.174
Evelyn,Carpenter,ecarpenter64@blogspot.com,Philippines,198.173.15.112
Brandon,Ferguson,bferguson65@addthis.com,Indonesia,41.115.182.67
Evelyn,Wells,ewells66@apache.org,Indonesia,106.1.135.57
Heather,Peters,hpeters67@shinystat.com,Iran,55.153.105.67
Karen,Lee,klee68@odnoklassniki.ru,Zimbabwe,31.9.190.28
Henry,Hall,hhall69@dropbox.com,Croatia,209.133.38.70
Bonnie,Patterson,bpatterson6a@marketwatch.com,Albania,191.32.140.214
Elizabeth,Hunt,ehunt6b@columbia.edu,Russia,128.66.166.172
Timothy,Rose,trose6c@cnn.com,China,109.175.250.104
Benjamin,Hunt,bhunt6d@last.fm,French Polynesia,48.250.209.91
Lillian,Ferguson,lferguson6e@google.com.au,Sweden,217.169.124.241
Karen,Harrison,kharrison6f@timesonline.co.uk,Mauritius,231.147.214.182
Louis,Wilson,lwilson6g@google.cn,Canada,86.65.59.131
Kathy,Cunningham,kcunningham6h@xrea.com,China,101.132.163.80
Shirley,Franklin,sfranklin6i@linkedin.com,Finland,73.77.84.204
Nicole,Knight,nknight6j@soundcloud.com,China,236.238.51.13
Eugene,Davis,edavis6k@army.mil,Poland,255.132.206.85
Jane,Graham,jgraham6l@google.ru,Poland,156.230.214.125
Albert,Matthews,amatthews6m@utexas.edu,Belarus,225.231.77.59
Wanda,Martin,wmartin6n@ycombinator.com,Tunisia,174.26.70.88
Charles,Marshall,cmarshall6o@si.edu,China,65.163.117.29
Martha,Cruz,mcruz6p@spiegel.de,Bolivia,183.199.141.125
Jane,Chapman,jchapman6q@yellowbook.com,China,114.6.26.20
Mildred,Hart,mhart6r@ezinearticles.com,Iran,221.166.108.91
Wanda,Hernandez,whernandez6s@techcrunch.com,Argentina,155.83.8.181
Wayne,Ruiz,wruiz6t@discovery.com,Portugal,198.77.173.98
Kenneth,Morales,kmorales6u@aol.com,China,172.117.225.217
Thomas,Simmons,tsimmons6v@businesswire.com,China,81.32.202.190
Christopher,Lee,clee6w@jiathis.com,Indonesia,56.12.251.125
Ernest,Ray,eray6x@hao123.com,China,90.142.155.59
Shirley,Larson,slarson6y@economist.com,China,176.186.199.65
Lisa,Daniels,ldaniels6z@github.com,Indonesia,4.236.242.30
Eugene,Willis,ewillis70@dion.ne.jp,China,32.43.160.165
Phillip,Hall,phall71@printfriendly.com,Chile,224.186.235.147
Charles,Franklin,cfranklin72@salon.com,Sweden,125.137.237.232
Douglas,Peterson,dpeterson73@youku.com,China,78.196.47.210
Julie,Dean,jdean74@myspace.com,France,63.68.160.155
David,Perez,dperez75@examiner.com,Japan,237.89.50.233
Denise,Wells,dwells76@histats.com,Poland,133.0.9.251
Steve,Parker,sparker77@simplemachines.org,Philippines,36.240.197.229
Linda,Mason,lmason78@craigslist.org,Sweden,44.43.131.169
Tina,Castillo,tcastillo79@surveymonkey.com,China,217.62.128.138
Paul,Berry,pberry7a@bbc.co.uk,Russia,8.122.186.58
Brenda,Mitchell,bmitchell7b@pbs.org,Honduras,241.56.103.189
Billy,Williams,bwilliams7c@washington.edu,Czech Republic,57.233.9.183
Roger,Gonzalez,rgonzalez7d@arizona.edu,Poland,230.35.113.79
Martha,Cruz,mcruz7e@csmonitor.com,Indonesia,9.157.85.162
Mark,Kelley,mkelley7f@illinois.edu,Venezuela,161.2.1.63
Paul,Powell,ppowell7g@ted.com,Angola,153.95.139.229
Virginia,Reid,vreid7h@biglobe.ne.jp,China,186.56.121.224
William,Anderson,wanderson7i@prnewswire.com,China,99.193.0.99
Aaron,Peterson,apeterson7j@netlog.com,China,21.75.252.73
Mildred,Young,myoung7k@usatoday.com,Chile,219.201.160.168
Louis,Burns,lburns7l@live.com,Colombia,105.113.164.213
Phillip,Riley,priley7m@google.com.br,China,13.212.141.199
Sara,Fernandez,sfernandez7n@timesonline.co.uk,Republic of the Congo,203.86.115.156
Ruth,Moore,rmoore7o@weebly.com,Spain,222.86.169.168
Paula,Henderson,phenderson7p@constantcontact.com,China,14.142.88.65
Jack,Burke,jburke7q@noaa.gov,Russia,93.109.198.79
Wanda,Brown,wbrown7r@issuu.com,Peru,236.185.166.42
Raymond,Arnold,rarnold7s@hao123.com,Venezuela,116.81.40.56
Nicole,Stevens,nstevens7t@businessweek.com,China,77.203.1.197
Margaret,Hernandez,mhernandez7u@blogger.com,Czech Republic,86.52.20.73
Roy,Young,ryoung7v@gravatar.com,China,197.134.34.215
Daniel,Graham,dgraham7w@wufoo.com,Bangladesh,153.76.148.110
Julie,Armstrong,jarmstrong7x@ask.com,Indonesia,195.125.86.62
Tina,Carpenter,tcarpenter7y@nasa.gov,Indonesia,107.54.188.118
Raymond,Burton,rburton7z@sbwire.com,Philippines,72.145.63.154
Jesse,Carr,jcarr80@hc360.com,China,194.175.131.126
Eugene,Jones,ejones81@example.com,China,221.224.205.116
Michelle,Wright,mwright82@unblog.fr,Afghanistan,226.119.3.160
Charles,Austin,caustin83@amazon.co.jp,Indonesia,195.225.182.191
Joe,Howell,jhowell84@buzzfeed.com,Philippines,50.176.179.211
Debra,Mason,dmason85@huffingtonpost.com,Canada,85.213.181.169
Barbara,Mitchell,bmitchell86@example.com,Uruguay,183.48.80.189
Steve,Brown,sbrown87@nsw.gov.au,Gabon,82.35.4.211
Howard,Porter,hporter88@usnews.com,China,133.187.68.111
George,Gomez,ggomez89@stumbleupon.com,France,34.220.226.86
Jack,Myers,jmyers8a@multiply.com,China,99.70.107.62
Amanda,Hill,ahill8b@geocities.com,Philippines,229.14.46.2
Patrick,Thompson,pthompson8c@networkadvertising.org,Canada,83.138.105.29
Peter,Snyder,psnyder8d@google.pl,Japan,219.223.112.64
Deborah,Shaw,dshaw8e@merriam-webster.com,United States,111.96.53.201
Christopher,Carr,ccarr8f@livejournal.com,Japan,148.170.230.115
Wayne,Kelley,wkelley8g@w3.org,Iran,185.124.162.8
David,Alvarez,dalvarez8h@marriott.com,China,25.64.62.26
Sarah,Day,sday8i@squidoo.com,Nigeria,112.41.134.113
Adam,Armstrong,aarmstrong8j@usnews.com,Cameroon,66.235.154.34
Nancy,Murray,nmurray8k@virginia.edu,Moldova,134.41.68.153
Brenda,Hudson,bhudson8l@ox.ac.uk,Denmark,166.58.118.182
Barbara,Sanchez,bsanchez8m@slate.com,Portugal,179.191.43.222
Stephen,Henry,shenry8n@blinklist.com,Iran,184.191.71.83
Paula,Mcdonald,pmcdonald8o@alibaba.com,Sweden,37.184.21.246
Dennis,Jackson,djackson8p@amazon.com,Philippines,66.66.148.121
Wayne,Thomas,wthomasdq@businesswire.com,Peru,92.148.146.29
Harold,Simmons,hsimmonsdr@dropbox.com,China,131.95.78.174
Jerry,Green,jgreends@alexa.com,Indonesia,102.49.164.167
Albert,Frazier,afrazierdt@hud.gov,Tunisia,139.85.233.178
Ryan,Mcdonald,rmcdonalddu@rediff.com,Armenia,174.226.103.99
Diane,Simmons,dsimmonsdv@jiathis.com,South Africa,168.48.93.58
Daniel,Hayes,dhayesdw@exblog.jp,China,249.56.241.85
Andrew,Stewart,astewartdx@harvard.edu,Indonesia,28.7.160.166
Irene,Stewart,istewartdy@upenn.edu,Colombia,155.23.90.53
Kenneth,Williams,kwilliamsdz@cnbc.com,France,234.176.95.215
Johnny,Mendoza,jmendozae0@myspace.com,Indonesia,87.105.156.26
Christina,Gibson,cgibsone1@chron.com,Uganda,160.106.182.19
Alice,Meyer,ameyere2@engadget.com,Russia,138.43.126.150
Joshua,Duncan,jduncan91@360.cn,Greece,101.231.179.121
Kenneth,Pierce,kpierce92@feedburner.com,Somalia,74.22.186.254
Kathy,Carter,kcarter93@salon.com,United States,115.129.255.70
Anthony,Mccoy,amccoy94@rediff.com,Slovenia,165.153.209.57
Howard,Cunningham,hcunningham95@google.nl,Finland,153.24.183.14
Craig,Kim,ckim96@dailymail.co.uk,Russia,64.16.214.163
Nicole,Carr,ncarr97@wordpress.com,Russia,49.166.128.65
Carol,Perry,cperry98@qq.com,China,233.122.171.41
Janet,Chavez,jchavez99@abc.net.au,Russia,214.180.184.31
Michael,Burke,mburke9a@state.gov,China,5.167.148.118
William,Gilbert,wgilbert9b@gmpg.org,China,116.118.253.174
Betty,Vasquez,bvasquez9c@ted.com,China,210.227.204.19
Andrew,Jackson,ajackson9d@nhs.uk,Philippines,208.235.92.250
Eugene,Daniels,edaniels9e@addtoany.com,Iran,196.211.100.88
Bruce,Lopez,blopez9f@miibeian.gov.cn,Argentina,62.137.84.18
Joan,Wright,jwright9g@umn.edu,China,155.104.64.35
Virginia,Mitchell,vmitchell9h@statcounter.com,Israel,140.229.17.187
Brandon,Hart,bhart9i@cisco.com,Czech Republic,216.10.84.93
Joe,Mcdonald,jmcdonald9j@nba.com,Philippines,27.213.183.60
Wayne,Hudson,whudson9k@bing.com,China,59.173.182.168
Cheryl,Jenkins,cjenkins9l@w3.org,China,138.29.230.38
Eric,Riley,eriley9m@deliciousdays.com,Russia,205.46.171.178
John,Greene,jgreene9n@hostgator.com,China,5.40.202.93
Phyllis,Gutierrez,pgutierrez9o@hubpages.com,Portugal,24.147.172.160
Ashley,Elliott,aelliott9p@dion.ne.jp,Libya,53.187.33.126
Benjamin,Shaw,bshaw9q@engadget.com,United States,192.101.84.28
Gary,Davis,gdavis9r@tiny.cc,Armenia,64.10.156.213
Kimberly,Thompson,kthompson9s@discovery.com,China,172.82.62.46
Marilyn,Butler,mbutler9t@hibu.com,Russia,97.186.220.179
Margaret,Hernandez,mhernandez9u@marriott.com,Tunisia,95.182.19.241
Frances,Hill,fhill9v@bandcamp.com,Philippines,167.35.220.21
Kathy,Clark,kclark9w@umn.edu,Indonesia,252.81.203.171
Anthony,Foster,afoster9x@apple.com,Indonesia,227.249.190.175
Brian,Harper,bharper9y@nasa.gov,France,107.29.220.88
Theresa,Hudson,thudson9z@arizona.edu,Guatemala,216.123.201.114
Benjamin,Martin,bmartina0@eventbrite.com,Bahrain,87.14.63.181
Jeremy,Andrews,jandrewsa1@icq.com,Russia,47.93.160.99
Katherine,Greene,kgreenea2@php.net,Albania,255.217.146.10
Jesse,Johnson,jjohnsona3@360.cn,Syria,119.12.127.51
Joe,Long,jlonga4@jimdo.com,Indonesia,223.114.157.97
Judy,Day,jdaya5@alibaba.com,Portugal,31.170.217.255
Sandra,James,sjamesa6@dmoz.org,Spain,171.81.111.78
Irene,Peters,ipetersa7@elegantthemes.com,Peru,221.189.227.62
Patrick,Tucker,ptuckera8@zimbio.com,Armenia,151.77.206.88
Bobby,Garcia,bgarciaa9@mysql.com,Indonesia,5.123.196.195
Helen,Turner,hturneraa@cdbaby.com,China,146.133.34.208
Brenda,Perry,bperryab@last.fm,Bangladesh,243.43.124.27
Henry,Henry,hhenryac@cisco.com,China,176.238.236.120
Alan,Murray,amurrayad@cnet.com,Greece,148.248.35.83
Kathleen,Austin,kaustinae@ca.gov,China,184.203.83.52
Anthony,Stone,astoneaf@feedburner.com,Russia,243.84.30.141
Jean,Burns,jburnsag@ameblo.jp,Argentina,154.104.106.90
Justin,Kennedy,jkennedyah@slate.com,Russia,4.184.49.229
Katherine,Campbell,kcampbellai@mapquest.com,Cameroon,184.154.119.135
Eric,Ruiz,eruizaj@i2i.jp,Latvia,101.28.45.239
Andrew,Chapman,achapmanak@51.la,Ukraine,255.61.58.151
Kimberly,Myers,kmyersal@latimes.com,China,176.194.20.197
Donna,Watkins,dwatkinsam@yellowpages.com,China,20.251.216.113
Catherine,Castillo,ccastilloan@japanpost.jp,Croatia,210.22.61.208
Christina,Myers,cmyersao@paginegialle.it,China,161.136.230.32
Melissa,Bennett,mbennettap@businessweek.com,China,62.84.151.124
Wanda,Lynch,wlynchaq@seesaa.net,Indonesia,205.57.32.73
Earl,Porter,eporterar@dropbox.com,Indonesia,49.54.243.184
Lois,Kelly,lkellyas@eventbrite.com,China,20.87.43.129
Debra,Black,dblackat@wired.com,Japan,212.2.2.214
Irene,Richardson,irichardsonau@xrea.com,Brazil,64.236.129.26
Barbara,Fisher,bfisherav@liveinternet.ru,Indonesia,164.133.162.175
Randy,Mccoy,rmccoyaw@livejournal.com,Belarus,70.41.106.46
Christine,Morales,cmoralesax@over-blog.com,Argentina,178.178.81.146
Eric,Campbell,ecampbellay@prnewswire.com,China,75.109.51.15
Jessica,Reed,jreedaz@aol.com,Indonesia,35.221.253.127
Louise,Carroll,lcarrollb0@weebly.com,Poland,234.196.200.44
Maria,Williamson,mwilliamsonb1@ow.ly,China,20.6.183.79
Carlos,Stone,cstoneb2@list-manage.com,Ukraine,221.213.230.25
Harry,James,hjamesb3@nba.com,Sweden,35.186.170.140
Lisa,Myers,lmyersb4@blog.com,North Korea,237.17.112.234
Joyce,Price,jpriceb5@state.tx.us,Bangladesh,230.89.36.152
Jesse,Carpenter,jcarpenterb6@google.ru,French Polynesia,242.37.47.248
Sean,Price,spriceb7@ebay.com,China,122.113.42.210
Susan,Stone,sstoneb8@auda.org.au,China,89.177.128.141
Susan,Martin,smartinb9@ucoz.ru,Armenia,78.225.188.192
Andrew,Wright,awrightba@flickr.com,Peru,200.220.29.75
Anne,Robinson,arobinsonbb@scribd.com,Peru,28.198.44.236
Scott,Arnold,sarnoldbc@github.io,Slovenia,190.132.130.201
Julia,Wagner,jwagnerbd@mozilla.org,Palestinian Territory,130.146.204.190
Gerald,Reyes,greyesbe@blog.com,France,132.123.166.13
Ryan,Lawson,rlawsonbf@rediff.com,Brazil,138.71.30.184
Sarah,Johnston,sjohnstonbg@cisco.com,Macedonia,234.228.68.52
Nancy,Myers,nmyersbh@sogou.com,China,142.26.41.78
Susan,Coleman,scolemanbi@altervista.org,Brazil,102.140.200.218
Lori,Mccoy,lmccoybj@thetimes.co.uk,Morocco,63.169.211.195
Earl,Day,edaybk@loc.gov,China,243.201.75.71
Carol,Holmes,cholmesbl@liveinternet.ru,France,203.241.62.81
Todd,Graham,tgrahambm@dell.com,Peru,200.140.180.46
Wanda,Gray,wgraybn@gmpg.org,Indonesia,107.66.42.193
Eric,Price,epricebo@parallels.com,Afghanistan,233.177.71.15
Gloria,Smith,gsmithbp@oracle.com,China,122.77.240.28
Lisa,Johnson,ljohnsonbq@taobao.com,Myanmar,6.125.84.195
Frank,Lawson,flawsonbr@thetimes.co.uk,Russia,17.205.13.22
Helen,Ross,hrossbs@sphinn.com,Brazil,36.69.87.234
Mildred,Wagner,mwagnerbt@flickr.com,Philippines,245.200.62.193
Donna,Henry,dhenrybu@devhub.com,Macedonia,76.152.39.156
Ashley,Collins,acollinsbv@desdev.cn,Laos,176.168.191.250
Anthony,Bishop,abishopbw@seattletimes.com,China,167.137.138.100
Teresa,Barnes,tbarnesbx@friendfeed.com,United States,29.24.75.159
Linda,Romero,lromeroby@spotify.com,Brazil,206.131.83.20
Christina,Hayes,chayesbz@storify.com,Kenya,208.182.49.128
Katherine,Robinson,krobinsonc0@cam.ac.uk,Portugal,235.134.27.65
Phyllis,Sullivan,psullivanc1@who.int,China,166.76.103.105
Lillian,Robertson,lrobertsonc2@chronoengine.com,Senegal,142.5.51.162
Steve,Scott,sscottc3@t-online.de,China,165.36.21.172
Lillian,Burton,lburtonc4@naver.com,China,238.160.64.99
Phyllis,Peters,ppetersc5@ox.ac.uk,Malta,125.75.104.24
Kathy,Flores,kfloresc6@xinhuanet.com,Russia,87.187.48.7
Susan,Morrison,smorrisonc7@blogger.com,Indonesia,98.64.184.128
Carlos,Ward,cwardc8@slate.com,Indonesia,194.97.90.32
Anne,Mitchell,amitchellc9@un.org,France,136.100.107.222
Philip,Mitchell,pmitchellca@google.cn,China,181.133.254.32
Paula,Greene,pgreenecb@yale.edu,China,209.243.18.84
Christopher,King,ckingcc@digg.com,Pakistan,115.25.226.35
Louis,Gutierrez,lgutierrezcd@google.ru,China,98.25.177.72
Craig,Gardner,cgardnerce@cornell.edu,Japan,203.144.103.63
Kelly,Martin,kmartincf@nps.gov,China,190.9.163.72
Sharon,Fox,sfoxcg@4shared.com,Portugal,223.11.200.184
Sharon,Lee,sleech@prlog.org,China,129.238.16.251
Willie,Phillips,wphillipsci@artisteer.com,China,177.128.42.218
Cynthia,Burton,cburtoncj@seattletimes.com,Saudi Arabia,38.28.80.227
Lillian,Matthews,lmatthewsck@typepad.com,China,157.80.29.71
Margaret,Ryan,mryancl@pen.io,United States,61.4.67.123
Philip,Armstrong,parmstrongcm@sciencedirect.com,Netherlands,221.127.116.115
Ruby,Kennedy,rkennedycn@java.com,Canada,136.189.247.202
Gloria,Alvarez,galvarezco@usda.gov,Honduras,79.215.2.73
Charles,Cunningham,ccunninghamcp@ox.ac.uk,Poland,247.37.112.131
Lois,Hernandez,lhernandezcq@bandcamp.com,China,103.72.142.200
Martin,Mitchell,mmitchellcr@wikispaces.com,Japan,253.220.50.15
Kelly,Willis,kwilliscs@mapquest.com,Indonesia,217.11.51.5
Phillip,Baker,pbakerct@cbslocal.com,Peru,149.65.198.40
Lillian,Romero,lromerocu@theglobeandmail.com,China,10.178.113.208
Deborah,Owens,dowenscv@eepurl.com,China,180.22.88.175
Jennifer,Gordon,jgordoncw@opensource.org,Philippines,1.35.35.240
Annie,Elliott,aelliottcx@naver.com,Greece,83.254.61.251
Steve,Lopez,slopezcy@independent.co.uk,Equatorial Guinea,157.15.140.181
Judith,Miller,jmillercz@globo.com,Russia,92.152.210.83
Ronald,Nichols,rnicholsd0@wisc.edu,Portugal,146.245.36.130
Nicole,White,nwhited1@ucoz.com,Japan,104.136.41.103
Harry,Baker,hbakerd2@freewebs.com,Portugal,214.68.180.142
Annie,Lopez,alopezd3@mozilla.org,Philippines,219.161.197.141
Fred,Cunningham,fcunninghamd4@google.it,Brazil,55.107.203.146
Phillip,Hayes,phayesd5@tinypic.com,Chile,120.43.220.94
Katherine,Garrett,kgarrettd6@twitpic.com,Indonesia,165.221.105.174
Albert,Fernandez,afernandezd7@webeden.co.uk,China,205.233.20.207
Randy,Jacobs,rjacobsd8@usgs.gov,China,27.195.94.176
Beverly,Collins,bcollinsd9@mozilla.org,Canada,132.152.98.97
Tammy,Matthews,tmatthewsda@mapquest.com,Brazil,112.196.73.224
Donald,Ruiz,druizdb@elpais.com,China,198.94.7.9
Brandon,Banks,bbanksdc@odnoklassniki.ru,Argentina,203.168.53.231
Ernest,Griffin,egriffindd@mit.edu,Canada,120.81.245.94
Andrew,Henderson,ahendersonde@is.gd,Philippines,40.123.186.134
Roy,Hansen,rhansendf@flavors.me,Colombia,110.180.188.145
Beverly,Riley,brileydg@dion.ne.jp,Philippines,60.35.87.93
Carolyn,Nelson,cnelsondh@com.com,Russia,115.202.6.213
Daniel,Parker,dparkerdi@opera.com,Philippines,1.218.176.214
Randy,Coleman,rcolemandj@youtu.be,Poland,190.2.30.204
Matthew,Lynch,mlynchdk@sfgate.com,Thailand,50.177.168.250
Debra,Carr,dcarrdl@umich.edu,Russia,199.56.192.190
Judith,Brooks,jbrooksdm@elegantthemes.com,Japan,239.93.160.23
Jeremy,Boyd,jboyddn@creativecommons.org,Peru,112.249.198.114
Nancy,Kelley,nkelleydo@prnewswire.com,China,236.62.189.31
Andrew,Hill,ahilldp@meetup.com,Greece,3.156.40.101
Wayne,Thomas,wthomasdq@businesswire.com,Peru,92.148.146.29
Harold,Simmons,hsimmonsdr@dropbox.com,China,131.95.78.174
Jerry,Green,jgreends@alexa.com,Indonesia,102.49.164.167
Albert,Frazier,afrazierdt@hud.gov,Tunisia,139.85.233.178
Ryan,Mcdonald,rmcdonalddu@rediff.com,Armenia,174.226.103.99
Diane,Simmons,dsimmonsdv@jiathis.com,South Africa,168.48.93.58
Daniel,Hayes,dhayesdw@exblog.jp,China,249.56.241.85
Andrew,Stewart,astewartdx@harvard.edu,Indonesia,28.7.160.166
Irene,Stewart,istewartdy@upenn.edu,Colombia,155.23.90.53
Kenneth,Williams,kwilliamsdz@cnbc.com,France,234.176.95.215
Johnny,Mendoza,jmendozae0@myspace.com,Indonesia,87.105.156.26
Christina,Gibson,cgibsone1@chron.com,Uganda,160.106.182.19
Alice,Meyer,ameyere2@engadget.com,Russia,138.43.126.150
Brandon,Perez,bpereze3@paginegialle.it,China,112.50.129.5
Robert,Medina,rmedinae4@weather.com,Philippines,66.140.151.139
Alan,Black,ablacke5@flickr.com,Cuba,174.118.73.144
Nicole,Bowman,nbowmane6@rakuten.co.jp,Portugal,8.208.150.8
Arthur,Fuller,afullere7@huffingtonpost.com,Senegal,250.254.244.61
Phillip,Cole,pcolee8@php.net,Sweden,8.228.187.70
Ruby,Reynolds,rreynoldse9@squarespace.com,Comoros,72.224.241.58
Raymond,Castillo,rcastilloea@technorati.com,Poland,172.91.167.15
Dorothy,Miller,dmillereb@redcross.org,France,126.227.224.60
Doris,Perkins,dperkinsec@squarespace.com,Brazil,72.110.250.15
Christopher,Myers,cmyersed@biglobe.ne.jp,Mexico,7.3.158.48
Roger,Morris,rmorrisee@home.pl,Ukraine,71.0.140.242
Patricia,Welch,pwelchef@ebay.co.uk,Gabon,197.101.162.17
Joe,Thompson,jthompsoneg@mtv.com,Indonesia,85.41.79.1
Mildred,Willis,mwilliseh@qq.com,Indonesia,181.94.189.2
Donald,Armstrong,darmstrongei@home.pl,Indonesia,69.201.62.73
Debra,Kelley,dkelleyej@state.gov,Sweden,163.145.118.55
Julia,Cole,jcoleek@instagram.com,Uruguay,103.239.150.181
Stephanie,Carr,scarrel@dyndns.org,El Salvador,158.223.12.221
Mary,White,mwhiteem@amazonaws.com,Czech Republic,149.184.16.239
Howard,Sullivan,hsullivanen@ehow.com,Netherlands,245.14.127.248
Helen,Morgan,hmorganeo@addthis.com,Indonesia,214.251.105.189
Kenneth,Lopez,klopezep@mac.com,United States,166.22.203.228
Ruth,Campbell,rcampbelleq@utexas.edu,Japan,115.195.211.95
Jeffrey,Carr,jcarrer@stanford.edu,Greece,226.189.43.63
Frances,Andrews,fandrewses@mapy.cz,Indonesia,110.53.212.214
Patrick,Vasquez,pvasquezet@comsenz.com,United States,81.215.59.53
Brian,Duncan,bduncaneu@usa.gov,China,6.67.180.168
Steve,Perez,sperezev@theglobeandmail.com,Chile,6.238.211.80
Sandra,Rogers,srogersew@ca.gov,Russia,91.179.225.99
Ruth,George,rgeorgeex@weebly.com,Sweden,172.216.195.161
Stephanie,Miller,smillerey@google.nl,Sweden,111.195.100.55
Samuel,Carter,scarterez@sogou.com,Philippines,50.163.68.243
Betty,Oliver,boliverf0@google.com.hk,Malaysia,219.123.251.175
James,Burton,jburtonf1@netlog.com,China,87.168.39.207
Paula,Robinson,probinsonf2@amazonaws.com,Israel,30.240.178.52
Craig,Thomas,cthomasf3@miitbeian.gov.cn,Indonesia,184.108.70.117
Chris,Baker,cbakerf4@java.com,Brazil,120.79.113.44
Irene,Sullivan,isullivanf5@issuu.com,Tunisia,54.20.113.135
Jeremy,Richards,jrichardsf6@tumblr.com,Philippines,116.18.41.215
Sean,Henry,shenryf7@booking.com,Israel,119.234.124.238
Jessica,Gonzales,jgonzalesf8@timesonline.co.uk,Kenya,184.97.120.78
Keith,Hamilton,khamiltonf9@tinypic.com,Poland,204.213.79.163
Dennis,Martinez,dmartinezfa@apache.org,Philippines,164.44.87.131
David,Mcdonald,dmcdonaldfb@discovery.com,Indonesia,188.204.89.68
Terry,Jordan,tjordanfc@msu.edu,Czech Republic,76.5.200.142
Gloria,Watkins,gwatkinsfd@jigsy.com,Albania,135.7.221.101
Jane,Arnold,jarnoldfe@china.com.cn,Peru,169.47.132.240
Teresa,Bowman,tbowmanff@webmd.com,Democratic Republic of the Congo,138.34.89.99
Ryan,Cole,rcolefg@ucla.edu,Vietnam,61.146.111.45
Betty,Barnes,bbarnesfh@cloudflare.com,China,23.232.189.88
Chris,Richardson,crichardsonfi@flickr.com,Angola,15.46.131.144
William,Coleman,wcolemanfj@comcast.net,Sweden,89.29.144.170
Ashley,Fields,afieldsfk@dmoz.org,North Korea,95.42.183.1
Ernest,Hunter,ehunterfl@bloglines.com,Poland,175.197.90.99
Shirley,Turner,sturnerfm@tmall.com,Vietnam,164.225.92.175
Carl,Medina,cmedinafn@cbslocal.com,China,121.190.213.232
Joyce,Johnson,jjohnsonfo@tinypic.com,Brazil,71.125.191.139
Jean,Olson,jolsonfp@youtu.be,Mexico,34.46.201.164
Rose,Garza,rgarzafq@furl.net,Portugal,134.126.234.215
Linda,Hall,lhallfr@hao123.com,Ukraine,254.49.224.235
Bobby,Holmes,bholmesfs@hostgator.com,United States,126.218.14.108
Laura,Hudson,lhudsonft@paginegialle.it,United States,1.30.229.156
Irene,George,igeorgefu@wikipedia.org,Netherlands,24.187.208.26
Maria,Webb,mwebbfv@mayoclinic.com,Zimbabwe,196.155.101.10
Kimberly,Baker,kbakerfw@japanpost.jp,Vietnam,82.6.97.213
Keith,Morris,kmorrisfx@hhs.gov,Philippines,252.103.76.225
Helen,Ferguson,hfergusonfy@bloglines.com,Russia,39.39.119.137
Clarence,Smith,csmithfz@loc.gov,Ukraine,50.88.155.95
Gerald,Wilson,gwilsong0@posterous.com,Nigeria,112.114.254.145
Scott,Nelson,snelsong1@smh.com.au,Indonesia,235.100.7.95
Tammy,Ross,trossg2@blogtalkradio.com,Indonesia,225.210.198.192
Timothy,Lynch,tlynchg3@deliciousdays.com,Russia,74.250.4.45
Julia,Ferguson,jfergusong4@bbc.co.uk,Russia,25.149.252.120
Martha,Nichols,mnicholsg5@naver.com,China,34.63.222.150
Jimmy,Hansen,jhanseng6@nationalgeographic.com,Vietnam,182.37.181.242
Catherine,Johnston,cjohnstong7@histats.com,Mali,58.100.54.85
Barbara,Gonzales,bgonzalesg8@over-blog.com,China,25.200.12.110
Nicole,Frazier,nfrazierg9@t-online.de,China,15.232.200.110
Adam,Reed,areedga@constantcontact.com,Luxembourg,157.217.98.168
Judith,Baker,jbakergb@angelfire.com,Greece,113.35.230.194
Louis,Myers,lmyersgc@cdbaby.com,Poland,62.121.25.232
Walter,Miller,wmillergd@eventbrite.com,China,226.42.117.188
Joan,Hansen,jhansenge@pen.io,China,189.252.249.59
Johnny,Matthews,jmatthewsgf@jigsy.com,Indonesia,227.47.91.118
Wanda,Dean,wdeangg@sun.com,Philippines,49.58.143.240
Gerald,Morris,gmorrisgh@go.com,China,99.180.196.132
Robert,Jones,rjonesgi@alexa.com,Cuba,150.237.151.121
Craig,Fields,cfieldsgj@techcrunch.com,China,199.219.144.107
Brenda,Garrett,bgarrettgk@arstechnica.com,Costa Rica,25.22.174.72
Ruth,Cooper,rcoopergl@linkedin.com,Bolivia,169.22.147.122
William,Gomez,wgomezgm@redcross.org,Nicaragua,63.207.85.206
Jacqueline,Bowman,jbowmangn@chicagotribune.com,China,187.141.123.47
Benjamin,Ray,braygo@dropbox.com,Philippines,206.251.126.4
Teresa,Wagner,twagnergp@cnn.com,China,128.68.61.249
Sarah,Morgan,smorgangq@fda.gov,Czech Republic,177.248.198.62
Joe,Russell,jrussellgr@fema.gov,France,141.104.34.88
Bonnie,Kelly,bkellygs@example.com,Tanzania,160.105.87.25
Denise,Jones,djonesgt@umich.edu,Slovenia,26.212.175.202
Pamela,Stone,pstonegu@shareasale.com,Brazil,54.32.150.253
Sharon,Nichols,snicholsgv@sciencedirect.com,China,30.7.52.150
Todd,Porter,tportergw@pcworld.com,Mexico,151.4.89.59
Michelle,Howell,mhowellgx@reference.com,Russia,131.23.245.115
Craig,Dean,cdeangy@soup.io,American Samoa,149.255.49.189
Shawn,Torres,storresgz@prlog.org,Estonia,25.139.1.127
Bobby,Olson,bolsonh0@bandcamp.com,Indonesia,153.248.86.195
Nancy,Olson,nolsonh1@photobucket.com,Portugal,43.252.2.189
Deborah,Stanley,dstanleyh2@msu.edu,Netherlands,130.179.161.175
Julie,Gibson,jgibsonh3@com.com,Philippines,114.142.48.189
Jeremy,Oliver,joliverh4@joomla.org,Indonesia,74.197.81.205
Steven,Hansen,shansenh5@google.it,Guatemala,147.162.102.72
Julia,Wells,jwellsh6@ox.ac.uk,Nigeria,127.155.21.83
Deborah,Perkins,dperkinsh7@vinaora.com,Poland,144.149.29.106
Juan,Mendoza,jmendozah8@google.com.au,Canada,196.139.244.224
Eric,Harrison,eharrisonh9@ucoz.ru,Pakistan,14.7.28.117
Kathryn,Perry,kperryha@ask.com,United States,141.171.86.139
David,Gomez,dgomezhb@surveymonkey.com,China,107.33.63.20
Gloria,Edwards,gedwardshc@deviantart.com,Sweden,54.18.161.40
Joan,Cole,jcolehd@multiply.com,China,24.105.174.213
Julia,Ramos,jramoshe@sogou.com,Japan,245.245.224.150
Benjamin,George,bgeorgehf@usgs.gov,Indonesia,12.182.132.21
Ann,Ruiz,aruizhg@cloudflare.com,Madagascar,238.189.179.62
Mildred,Peterson,mpetersonhh@tinyurl.com,Nigeria,44.181.46.35
Raymond,Morales,rmoraleshi@amazon.com,Japan,240.64.20.124
Carlos,Scott,cscotthj@noaa.gov,United States,218.92.177.25
Steve,Perez,sperezhk@smugmug.com,Ukraine,108.245.39.54
Gary,Bennett,gbennetthl@phpbb.com,South Korea,190.35.184.180
Craig,Cooper,ccooperhm@youku.com,Argentina,121.30.95.203
Antonio,Gilbert,agilberthn@marketwatch.com,China,70.238.208.165
Martha,Greene,mgreeneho@amazon.de,United Kingdom,140.126.166.17
Andrew,Gibson,agibsonhp@usa.gov,Nicaragua,185.153.174.113
Gloria,Fuller,gfullerhq@npr.org,United States,196.86.241.167
James,Franklin,jfranklinhr@infoseek.co.jp,China,231.13.85.251
Linda,Ruiz,lruizhs@bing.com,Palestinian Territory,169.131.52.160
Angela,Parker,aparkerht@noaa.gov,Israel,28.203.87.149
Steve,Hill,shillhu@pen.io,Ukraine,27.58.195.15
Sara,Perry,sperryhv@google.co.jp,United States,0.177.170.138
Russell,Knight,rknighthw@sogou.com,Japan,184.124.52.248
Denise,George,dgeorgehx@whitehouse.gov,Philippines,39.245.95.149
Timothy,Lane,tlanehy@answers.com,Indonesia,109.214.80.109
Bonnie,Wood,bwoodhz@unc.edu,Indonesia,255.31.25.157
James,Gardner,jgardneri0@nydailynews.com,Argentina,61.121.178.98
Juan,Russell,jrusselli1@wikipedia.org,China,27.170.10.77
Phillip,Allen,palleni2@businessweek.com,Peru,137.156.135.247
Denise,Turner,dturneri3@usatoday.com,United States,211.243.80.41
Joyce,Ward,jwardi4@ifeng.com,Czech Republic,124.173.107.186
Nicole,Hansen,nhanseni5@cdc.gov,Philippines,21.76.202.16
Dennis,Kim,dkimi6@csmonitor.com,China,142.223.58.191
Russell,Bailey,rbaileyi7@is.gd,China,133.201.113.238
Dorothy,Andrews,dandrewsi8@sitemeter.com,Uruguay,188.14.87.162
Andrew,Daniels,adanielsi9@skyrock.com,China,12.86.29.206
Sara,Reid,sreidia@youtube.com,China,115.21.191.215
Beverly,Freeman,bfreemanib@icq.com,Peru,116.188.143.146
Lois,Ramirez,lramirezic@theatlantic.com,South Africa,5.193.189.143
Mark,Hall,mhallid@goo.ne.jp,Russia,227.53.40.131
Robert,Bradley,rbradleyie@bandcamp.com,China,150.219.181.139
Terry,Frazier,tfrazierif@tiny.cc,Indonesia,208.63.190.34
Christina,Wallace,cwallaceig@storify.com,Greece,15.25.124.61
Ruby,Lynch,rlynchih@imdb.com,China,176.158.22.121
Wanda,Knight,wknightii@posterous.com,China,170.37.160.158
Johnny,Brooks,jbrooksij@discuz.net,Iceland,83.52.180.73
Billy,Perez,bperezik@cloudflare.com,Colombia,95.48.201.202
Robin,Ellis,rellisil@ted.com,Ivory Coast,140.119.179.147
Scott,Ellis,sellisim@java.com,Belize,178.253.252.145
Joseph,Elliott,jelliottin@examiner.com,Yemen,74.49.212.198
Fred,Bowman,fbowmanio@moonfruit.com,Russia,112.126.201.241
Christina,Russell,crussellip@hostgator.com,Portugal,102.187.171.137
Daniel,Lawrence,dlawrenceiq@mapquest.com,China,209.176.180.152
Amanda,Mills,amillsir@eepurl.com,Sudan,196.137.11.22
Janice,Moreno,jmorenois@artisteer.com,Burkina Faso,2.77.38.56
Albert,Anderson,aandersonit@geocities.jp,Indonesia,52.10.164.95
Kenneth,Peterson,kpetersoniu@smugmug.com,United States,244.63.129.41
Wayne,Sims,wsimsiv@nifty.com,Indonesia,21.250.69.83
Wayne,Oliver,woliveriw@booking.com,Chile,14.168.45.252
Kathy,Freeman,kfreemanix@pinterest.com,Russia,31.152.88.123
Amanda,Myers,amyersiy@parallels.com,Mauritania,193.116.77.91
Anna,Green,agreeniz@ow.ly,Ukraine,71.66.10.200
Lawrence,Taylor,ltaylorj0@mozilla.com,Vietnam,63.119.149.154
Deborah,Chapman,dchapmanj1@desdev.cn,Sweden,210.33.53.27
Howard,Warren,hwarrenj2@hugedomains.com,Russia,12.211.248.254
Daniel,Simmons,dsimmonsj3@youtube.com,Greece,169.111.166.164
Anna,Martinez,amartinezj4@google.co.uk,Japan,196.29.159.231
Andrew,Porter,aporterj5@yale.edu,Portugal,65.166.48.231
Barbara,Thomas,bthomasj6@ning.com,China,12.200.14.177
Billy,Scott,bscottj7@upenn.edu,Uganda,54.253.106.151
William,Meyer,wmeyerj8@berkeley.edu,Indonesia,99.54.73.84
Antonio,Snyder,asnyderj9@w3.org,Macedonia,164.5.29.225
Andrea,Daniels,adanielsja@nhs.uk,Portugal,105.74.84.188
Mary,Ward,mwardjb@deviantart.com,Indonesia,175.148.209.211
Brian,Martinez,bmartinezjc@hexun.com,China,204.156.74.42
Cheryl,Gonzalez,cgonzalezjd@mlb.com,Poland,76.152.18.98
Heather,Butler,hbutlerje@imdb.com,China,21.29.225.120
Julie,Bradley,jbradleyjf@gizmodo.com,Canada,168.36.18.186
Deborah,Cruz,dcruzjg@trellian.com,Greece,155.124.198.55
Kimberly,Ramirez,kramirezjh@usatoday.com,Argentina,240.43.159.120
Teresa,Jenkins,tjenkinsji@github.com,Armenia,90.2.97.188
Matthew,Lewis,mlewisjj@mail.ru,Mexico,117.117.185.100
Christopher,Johnson,cjohnsonjk@wufoo.com,North Korea,106.202.54.104
Frank,Fox,ffoxjl@networksolutions.com,Portugal,62.163.54.194
Howard,Wood,hwoodjm@sohu.com,Iran,159.2.161.255
David,Henderson,dhendersonjn@163.com,Croatia,155.238.44.81
Lois,Carroll,lcarrolljo@livejournal.com,France,175.32.208.17
Cynthia,Williamson,cwilliamsonjp@apple.com,Brazil,192.148.22.233
Stephen,Hudson,shudsonjq@g.co,Georgia,93.68.154.104
Frank,Edwards,fedwardsjr@ameblo.jp,Czech Republic,30.6.28.150
Phillip,Chapman,pchapmanjs@ihg.com,China,193.168.182.155
Jesse,Fowler,jfowlerjt@npr.org,China,239.22.122.50
Denise,Ward,dwardju@networkadvertising.org,Vietnam,142.21.242.194
James,Vasquez,jvasquezjv@privacy.gov.au,China,210.13.182.224
Walter,Long,wlongjw@wsj.com,Bulgaria,144.49.91.144
Marie,Flores,mfloresjx@list-manage.com,Russia,80.123.68.15
Christine,Crawford,ccrawfordjy@youtube.com,Russia,123.67.196.99
William,Butler,wbutlerjz@blogger.com,Palestinian Territory,91.191.130.131
Ryan,Foster,rfosterk0@weather.com,Ecuador,117.38.105.93
Robert,Wheeler,rwheelerk1@nationalgeographic.com,Czech Republic,173.137.84.255
Joshua,Meyer,jmeyerk2@networksolutions.com,Argentina,173.75.28.246
Peter,Wagner,pwagnerk3@ustream.tv,Ukraine,99.95.248.202
Ruth,Rose,rrosek4@yandex.ru,Portugal,197.223.126.84
Douglas,Ellis,dellisk5@comsenz.com,Czech Republic,162.135.225.236
Sean,Medina,smedinak6@hao123.com,China,53.181.188.42
Phillip,Franklin,pfranklink7@wired.com,Venezuela,43.125.199.86
Adam,Murphy,amurphyk8@technorati.com,Czech Republic,144.51.129.139
David,Lawrence,dlawrencek9@mashable.com,Russia,70.108.233.175
Carolyn,Morrison,cmorrisonka@webs.com,Pakistan,184.73.238.77
Victor,Hayes,vhayeskb@netvibes.com,China,208.87.33.190
Juan,Bell,jbellkc@storify.com,Venezuela,195.238.17.101
Joe,Rodriguez,jrodriguezkd@comsenz.com,Sweden,90.33.241.142
Sarah,Meyer,smeyerke@state.tx.us,French Guiana,166.121.155.101
Nicole,Little,nlittlekf@latimes.com,Brazil,57.64.10.179
Dennis,Perez,dperezkg@webnode.com,Japan,90.14.211.220
Marie,Reynolds,mreynoldskh@flickr.com,China,169.197.216.36
Bonnie,Mcdonald,bmcdonaldki@acquirethisname.com,Russia,152.0.84.130
Tina,Rodriguez,trodriguezkj@amazonaws.com,Poland,132.169.36.234
Larry,Sims,lsimskk@bluehost.com,Indonesia,15.171.72.4
Chris,Watson,cwatsonkl@delicious.com,Costa Rica,243.26.115.203
Harold,Hernandez,hhernandezkm@go.com,France,58.83.138.112
Randy,Fernandez,rfernandezkn@chronoengine.com,Philippines,43.219.194.141
Chris,Stewart,cstewartko@thetimes.co.uk,China,6.149.35.82
Annie,Hall,ahallkp@miibeian.gov.cn,El Salvador,21.54.201.232
Scott,Weaver,sweaverkq@theatlantic.com,China,253.100.231.6
Sandra,Stanley,sstanleykr@elpais.com,China,62.85.88.157
Johnny,Moreno,jmorenoks@cyberchimps.com,Ukraine,130.166.47.136
Lois,Armstrong,larmstrongkt@msn.com,Philippines,217.224.39.230
Victor,Vasquez,vvasquezku@house.gov,Japan,140.69.157.124
Joseph,Gray,jgraykv@moonfruit.com,China,172.191.17.181
Tammy,Alvarez,talvarezkw@ifeng.com,Indonesia,242.32.76.99
Adam,Dixon,adixonkx@bbc.co.uk,Poland,127.44.27.24
Rachel,Diaz,rdiazky@google.es,Sweden,121.162.66.79
Lillian,Chapman,lchapmankz@nymag.com,France,0.78.215.183
Christine,Garcia,cgarcial0@printfriendly.com,Palestinian Territory,122.82.223.134
Mark,Garza,mgarzal1@guardian.co.uk,China,154.38.24.52
Kelly,Wallace,kwallacel2@smh.com.au,Indonesia,252.111.48.207
Brian,Ford,bfordl3@exblog.jp,Argentina,201.179.133.131
Judith,Gardner,jgardnerl4@printfriendly.com,Indonesia,20.219.226.107
Margaret,Stephens,mstephensl5@blogtalkradio.com,Poland,125.246.239.248
Howard,Black,hblackl6@phoca.cz,New Zealand,17.161.23.246
Mark,Bryant,mbryantl7@altervista.org,Portugal,203.106.41.124
Angela,Grant,agrantl8@buzzfeed.com,China,52.50.43.126
Mildred,Kelly,mkellyl9@mac.com,China,37.253.127.141
Keith,Wallace,kwallacela@webs.com,Japan,117.127.58.85
Harry,Johnson,hjohnsonlb@instagram.com,China,223.195.21.246
William,Adams,wadamslc@plala.or.jp,Indonesia,55.21.212.173
Russell,Gibson,rgibsonld@ucsd.edu,Philippines,142.172.239.185
Dennis,Bennett,dbennettle@cloudflare.com,Canada,250.184.177.111
Joan,Jackson,jjacksonlf@sfgate.com,Colombia,55.133.25.129
Teresa,Lawson,tlawsonlg@gizmodo.com,Rwanda,173.58.96.111
Harold,Young,hyounglh@ca.gov,China,250.252.211.166
Christopher,Day,cdayli@arstechnica.com,Poland,97.239.203.71
Catherine,Romero,cromerolj@nhs.uk,Sweden,74.152.212.213
Ruth,Grant,rgrantlk@jimdo.com,Bulgaria,123.243.211.127
Kelly,Russell,krussellll@ameblo.jp,Philippines,21.97.8.227
Ann,Morrison,amorrisonlm@utexas.edu,Pakistan,208.89.199.125
Linda,Hicks,lhicksln@gizmodo.com,Indonesia,216.77.126.125
Dorothy,Smith,dsmithlo@seesaa.net,Philippines,147.185.26.8
Nancy,Nelson,nnelsonlp@is.gd,Greece,232.121.159.179
Virginia,Fowler,vfowlerlq@sbwire.com,Russia,237.113.70.181
Eric,Fisher,efisherlr@hubpages.com,Venezuela,116.107.46.20
Kathryn,Simmons,ksimmonsls@hostgator.com,China,249.113.223.210
Joyce,Cruz,jcruzlt@nps.gov,China,168.166.200.187
Jose,Ortiz,jortizlu@apple.com,Indonesia,5.7.142.130
Jeremy,Lewis,jlewislv@netscape.com,Greece,179.182.210.14
Daniel,Armstrong,darmstronglw@cocolog-nifty.com,China,44.248.255.61
Mary,Rogers,mrogerslx@studiopress.com,Indonesia,47.251.102.54
Rose,Scott,rscottly@mlb.com,Sweden,96.51.174.166
Lois,Morrison,lmorrisonlz@wired.com,Greece,84.129.241.29
Melissa,Richards,mrichardsm0@engadget.com,Indonesia,209.159.128.32
Roy,Moreno,rmorenom1@skyrock.com,China,199.160.161.95
Harry,Marshall,hmarshallm2@woothemes.com,Czech Republic,136.42.215.121
Lisa,Fields,lfieldsm3@squidoo.com,Indonesia,103.133.220.217
Deborah,Carr,dcarrm4@hp.com,Serbia,28.199.184.174
Walter,Murphy,wmurphym5@mashable.com,Philippines,245.173.202.100
Beverly,Alexander,balexanderm6@cbslocal.com,Russia,197.86.180.163
Justin,Rogers,jrogersm7@salon.com,Norway,73.246.152.41
Arthur,Ramos,aramosm8@blog.com,China,255.228.112.125
Bobby,Carter,bcarterm9@miitbeian.gov.cn,Brazil,15.0.78.200
Chris,Hunter,chunterma@un.org,Philippines,147.24.45.190
Richard,Ramirez,rramirezmb@quantcast.com,Belarus,59.222.90.139
Jane,Hicks,jhicksmc@nationalgeographic.com,Indonesia,237.89.65.168
Russell,Payne,rpaynemd@usgs.gov,China,130.10.248.159
Phyllis,Owens,powensme@google.fr,Yemen,15.175.169.62
Andrew,Powell,apowellmf@dion.ne.jp,Poland,18.88.147.18
Lori,Brooks,lbrooksmg@seesaa.net,Mexico,157.189.63.114
Theresa,Gomez,tgomezmh@bloomberg.com,Portugal,53.231.200.97
Phillip,Castillo,pcastillomi@hostgator.com,Ethiopia,214.50.14.246
James,Williams,jwilliamsmj@wisc.edu,Eritrea,140.121.108.198
Marie,Kelley,mkelleymk@etsy.com,Philippines,110.39.118.208
Cheryl,Cox,ccoxml@usnews.com,Kosovo,6.201.130.226
Earl,Mcdonald,emcdonaldmm@blinklist.com,Czech Republic,58.121.103.37
Shawn,Phillips,sphillipsmn@washington.edu,China,172.199.90.238
Alice,Vasquez,avasquezmo@tinypic.com,China,182.86.192.247
Rose,Miller,rmillermp@latimes.com,China,32.40.106.100
Barbara,Carr,bcarrmq@businessweek.com,Indonesia,227.52.98.184
Paul,Fuller,pfullermr@tmall.com,China,201.197.248.237
Heather,Myers,hmyersms@hugedomains.com,Colombia,92.188.148.16
Carl,Hayes,chayesmt@opensource.org,Indonesia,245.115.121.70
Nicole,Jackson,njacksonmu@chronoengine.com,China,146.172.49.59
Aaron,Spencer,aspencermv@ow.ly,Ukraine,58.81.46.247
Thomas,Holmes,tholmesmw@opensource.org,South Africa,175.93.16.35
William,Burke,wburkeqp@sciencedaily.com,Portugal,196.69.55.249
Cynthia,Day,cdayqq@telegraph.co.uk,Niger,104.180.255.31
Willie,Henderson,whendersonqr@i2i.jp,Sweden,203.151.173.104
Edward,Bailey,ebaileyqs@booking.com,Ukraine,26.85.63.158
Amanda,Hansen,ahansenqt@networksolutions.com,China,158.4.103.233
Betty,Ramirez,bramirezqu@jigsy.com,Netherlands,23.237.60.56
Billy,Cunningham,bcunninghamqv@shareasale.com,Indonesia,86.152.185.234
Christina,Taylor,ctaylorqw@eventbrite.com,Chile,83.48.42.114
Catherine,Frazier,cfrazierqx@oracle.com,Canada,104.245.39.89
Timothy,Ruiz,truizqy@virginia.edu,Thailand,113.186.7.93
Laura,Bailey,lbaileyqz@meetup.com,China,242.98.232.174
Fred,Freeman,ffreemanr0@arstechnica.com,China,8.69.147.91
Thomas,Cook,tcookr1@diigo.com,China,48.0.18.162
Melissa,Meyer,mmeyerr2@businesswire.com,Indonesia,97.162.59.107
Carolyn,Brooks,cbrooksr3@usa.gov,Indonesia,52.219.175.221
Kelly,Harrison,kharrisonr4@photobucket.com,Brazil,10.70.43.132
Roy,Lane,rlaner5@taobao.com,Argentina,255.148.133.23
Jack,Bowman,jbowmanr6@google.it,China,221.210.190.36
Ryan,Hart,rhartr7@fema.gov,Canada,244.227.17.224
Chris,Kelley,ckelleyr8@bloomberg.com,Philippines,135.125.115.229
Margaret,Oliver,moliverr9@ucoz.ru,Portugal,32.215.98.145
Julie,Jones,jjonesra@list-manage.com,Indonesia,189.47.218.106
Johnny,Jackson,jjacksonn8@php.net,Russia,131.105.66.247
Timothy,Montgomery,tmontgomeryn9@sphinn.com,Brazil,241.114.48.201
Helen,Davis,hdavisna@dailymail.co.uk,Colombia,5.45.132.88
Catherine,James,cjamesnb@rediff.com,Poland,96.143.141.39
Harry,Williamson,hwilliamsonnc@mapy.cz,China,228.132.156.67
Martin,Day,mdaynd@dailymotion.com,Luxembourg,122.150.64.234
Shawn,Torres,storresne@mlb.com,Indonesia,150.142.230.89
Barbara,Harrison,bharrisonnf@harvard.edu,Luxembourg,159.89.225.192
Karen,Nelson,knelsonng@skype.com,Portugal,7.130.81.182
Joan,Mccoy,jmccoynh@seesaa.net,Philippines,142.127.175.74
Amanda,Gutierrez,agutierrezni@cafepress.com,Lesotho,208.248.67.206
Linda,Austin,laustinnj@livejournal.com,China,22.86.116.195
Samuel,Patterson,spattersonnk@jimdo.com,Colombia,148.174.188.83
Janet,Berry,jberrynl@twitpic.com,China,226.136.120.58
Paul,Mendoza,pmendozanm@nymag.com,Macedonia,20.227.1.221
Mark,Moreno,mmorenonn@t.co,Afghanistan,131.215.155.44
Lillian,Mendoza,lmendozano@dagondesign.com,Norway,145.232.96.146
Margaret,Graham,mgrahamnp@blinklist.com,Netherlands,117.30.231.46
Steven,Scott,sscottnq@cbslocal.com,Philippines,130.24.58.23
Ryan,Jenkins,rjenkinsnr@stumbleupon.com,China,106.122.247.70
Diana,Mills,dmillsns@dell.com,Thailand,49.46.67.115
Patricia,Thompson,pthompsonnt@yellowpages.com,Greece,18.42.222.216
Jose,Bowman,jbowmannu@illinois.edu,China,55.207.210.203
Martin,Alvarez,malvareznv@simplemachines.org,Indonesia,44.66.234.19
Richard,Porter,rporternw@craigslist.org,China,247.54.8.204
Louis,Ferguson,lfergusonnx@examiner.com,Thailand,215.137.103.81
Richard,Rice,rriceny@java.com,China,213.134.40.155
Timothy,Carpenter,tcarpenternz@discovery.com,Brazil,252.46.65.141
Aaron,Morris,amorriso0@comcast.net,Philippines,116.198.53.171
Judy,Collins,jcollinso1@twitter.com,Macedonia,45.138.248.226
Donna,Warren,dwarreno2@cdc.gov,Syria,178.98.254.233
Norma,Kelley,nkelleyo3@themeforest.net,Vietnam,173.214.234.250
Steve,Turner,sturnero4@example.com,Indonesia,116.181.82.141
Arthur,Watkins,awatkinso5@ihg.com,Indonesia,16.205.225.151
Henry,Thompson,hthompsono6@deviantart.com,Indonesia,90.98.14.127
Angela,Jordan,ajordano7@123-reg.co.uk,Democratic Republic of the Congo,55.242.75.40
Sharon,Knight,sknighto8@bing.com,Thailand,53.22.13.114
Terry,Wright,twrighto9@wsj.com,Indonesia,180.51.216.50
Shirley,Murphy,smurphyoa@1und1.de,China,181.5.60.250
Julia,Hernandez,jhernandezob@360.cn,China,151.251.204.184
Alan,Cole,acoleoc@ow.ly,Yemen,60.164.79.90
Marie,Palmer,mpalmerod@google.nl,Philippines,74.238.181.143
Alan,Powell,apowelloe@independent.co.uk,Colombia,89.203.161.184
Theresa,Jackson,tjacksonof@oaic.gov.au,Bosnia and Herzegovina,29.207.45.169
Steven,Moore,smooreog@illinois.edu,China,20.189.44.208
Shirley,Banks,sbanksoh@cam.ac.uk,China,125.209.28.167
Cheryl,Richards,crichardsoi@netscape.com,Poland,83.238.240.195
Charles,Day,cdayoj@pcworld.com,Norway,106.142.230.28
Tina,Gilbert,tgilbertok@pbs.org,Peru,187.88.73.196
Evelyn,Morgan,emorganol@cocolog-nifty.com,China,224.19.215.14
Donna,Ellis,dellisom@usnews.com,South Africa,20.114.27.112
Louis,Hanson,lhansonon@yolasite.com,China,91.70.30.72
Donna,Perez,dperezoo@pen.io,Kenya,35.114.129.55
Wayne,Kim,wkimop@telegraph.co.uk,China,77.135.24.71
Janet,Stephens,jstephensoq@alibaba.com,Portugal,207.211.225.196
Cheryl,Ford,cfordor@tamu.edu,Bangladesh,103.55.163.229
Nancy,West,nwestos@who.int,Thailand,217.35.139.155
Ruth,Hill,rhillot@multiply.com,China,128.186.254.128
Melissa,Cook,mcookou@geocities.com,United States,26.119.224.130
Marie,Burns,mburnsov@blog.com,China,205.6.232.14
Raymond,Kelley,rkelleyow@wikimedia.org,Saudi Arabia,72.233.118.37
Ashley,Pierce,apierceox@sphinn.com,Philippines,72.37.171.156
Kelly,Ruiz,kruizoy@blog.com,Japan,55.20.63.205
Catherine,Porter,cporteroz@de.vu,Moldova,149.135.71.183
Phillip,Freeman,pfreemanp0@discovery.com,China,178.148.243.98
Catherine,Garrett,cgarrettp1@ning.com,South Africa,25.37.211.128
Ryan,Watkins,rwatkinsp2@hugedomains.com,Czech Republic,200.145.160.34
Martha,Stewart,mstewartp3@netscape.com,Costa Rica,103.32.203.96
Anne,Gonzalez,agonzalezp4@vinaora.com,Ukraine,47.104.211.137
Anna,Moreno,amorenop5@illinois.edu,France,82.228.253.53
Bobby,Frazier,bfrazierp6@alibaba.com,Indonesia,187.202.156.125
Jose,Walker,jwalkerp7@51.la,China,14.37.118.106
Virginia,Watson,vwatsonp8@naver.com,Malta,152.60.149.89
Ryan,Gray,rgrayp9@elegantthemes.com,China,95.104.42.184
Nancy,Hunter,nhunterpa@phpbb.com,Costa Rica,201.85.92.166
Paula,Bailey,pbaileypb@paginegialle.it,Colombia,203.131.217.247
Steven,Cruz,scruzpc@hubpages.com,Philippines,233.2.84.74
Louise,Gibson,lgibsonpd@tripod.com,Uganda,63.77.29.233
Catherine,Simmons,csimmonspe@cmu.edu,Thailand,236.206.117.251
Phillip,Wells,pwellspf@wp.com,Portugal,125.206.114.75
Patrick,Lawson,plawsonpg@un.org,Russia,207.144.161.191
Craig,Hansen,chansenph@trellian.com,Indonesia,187.104.146.7
Ruby,Sanders,rsanderspi@alibaba.com,Norway,172.24.195.23
Joyce,Murray,jmurraypj@elegantthemes.com,Russia,212.5.33.127
Timothy,Baker,tbakerpk@phpbb.com,Indonesia,189.21.83.85
Paula,Green,pgreenpl@behance.net,Bulgaria,115.246.99.61
Benjamin,Wallace,bwallacepm@amazon.co.jp,Czech Republic,146.145.159.23
Louise,Walker,lwalkerpn@usa.gov,Nicaragua,106.0.176.183
Ernest,Boyd,eboydpo@tripadvisor.com,Indonesia,175.150.107.57
Rebecca,Cook,rcookpp@china.com.cn,China,28.8.142.248
Sean,Olson,solsonpq@weibo.com,United States,133.180.59.226
Rebecca,Baker,rbakerpr@ning.com,Greece,169.19.28.204
Julia,Lawson,jlawsonps@dot.gov,France,254.12.170.61
Lillian,Peterson,lpetersonpt@hexun.com,South Korea,69.136.11.210
Samuel,Jacobs,sjacobspu@pen.io,Russia,4.131.181.70
Sean,Lee,sleepv@tiny.cc,France,97.125.111.130
Lisa,Watkins,lwatkinspw@moonfruit.com,China,177.230.200.248
Todd,Fisher,tfisherpx@dot.gov,Greece,226.68.245.213
John,Chavez,jchavezpy@digg.com,Senegal,241.178.103.188
Robin,Wood,rwoodpz@ucoz.com,Azerbaijan,150.124.122.100
Sandra,Perkins,sperkinsq0@cam.ac.uk,Greenland,101.253.7.56
Nicholas,Jacobs,njacobsq1@senate.gov,China,133.66.77.141
Bonnie,Carroll,bcarrollq2@gov.uk,Canada,145.70.81.216
Paul,Mitchell,pmitchellq3@1688.com,South Korea,24.134.186.110
Paul,Sims,psimsq4@nyu.edu,China,207.98.253.191
Henry,Hanson,hhansonq5@amazon.com,Brazil,60.220.101.41
Jerry,Black,jblackq6@google.ru,Canada,201.182.63.25
Katherine,Martin,kmartinq7@linkedin.com,Indonesia,36.239.152.239
Robin,Lawson,rlawsonq8@google.co.uk,Peru,238.11.88.83
Fred,Fisher,ffisherq9@photobucket.com,Cuba,7.22.83.43
Robert,Burke,rburkeqa@illinois.edu,China,89.180.125.133
Lois,Gonzales,lgonzalesqb@multiply.com,Greece,30.162.12.186
Jose,Montgomery,jmontgomeryqc@cam.ac.uk,Indonesia,167.138.217.29
George,Sanchez,gsanchezqd@sciencedaily.com,China,82.15.211.150
Harold,Garza,hgarzaqe@smugmug.com,United States,190.197.223.144
Amanda,Myers,amyersqf@ow.ly,Brazil,30.106.169.189
Cynthia,Romero,cromeroqg@ucla.edu,Moldova,40.42.224.22
Theresa,Roberts,trobertsqh@japanpost.jp,Kenya,226.172.253.161
Catherine,Thompson,cthompsonqi@yandex.ru,Canada,4.153.134.73
Nancy,Morgan,nmorganqj@fema.gov,Indonesia,90.243.77.101
Earl,Collins,ecollinsqk@mozilla.org,Mexico,77.80.120.39
Brandon,Lewis,blewisql@sphinn.com,France,51.239.79.184
Ernest,Moreno,emorenoqm@businessweek.com,Argentina,249.183.127.106
Roger,Jordan,rjordanqn@w3.org,China,32.198.60.100
Jason,Chavez,jchavezqo@google.nl,Greece,94.120.178.160
William,Burke,wburkeqp@sciencedaily.com,Portugal,196.69.55.249
Cynthia,Day,cdayqq@telegraph.co.uk,Niger,104.180.255.31
Willie,Henderson,whendersonqr@i2i.jp,Sweden,203.151.173.104
Edward,Bailey,ebaileyqs@booking.com,Ukraine,26.85.63.158
Amanda,Hansen,ahansenqt@networksolutions.com,China,158.4.103.233
Betty,Ramirez,bramirezqu@jigsy.com,Netherlands,23.237.60.56
Billy,Cunningham,bcunninghamqv@shareasale.com,Indonesia,86.152.185.234
Christina,Taylor,ctaylorqw@eventbrite.com,Chile,83.48.42.114
Catherine,Frazier,cfrazierqx@oracle.com,Canada,104.245.39.89
Timothy,Ruiz,truizqy@virginia.edu,Thailand,113.186.7.93
Laura,Bailey,lbaileyqz@meetup.com,China,242.98.232.174
Fred,Freeman,ffreemanr0@arstechnica.com,China,8.69.147.91
Thomas,Cook,tcookr1@diigo.com,China,48.0.18.162
Melissa,Meyer,mmeyerr2@businesswire.com,Indonesia,97.162.59.107
Carolyn,Brooks,cbrooksr3@usa.gov,Indonesia,52.219.175.221
Kelly,Harrison,kharrisonr4@photobucket.com,Brazil,10.70.43.132
Roy,Lane,rlaner5@taobao.com,Argentina,255.148.133.23
Jack,Bowman,jbowmanr6@google.it,China,221.210.190.36
Ryan,Hart,rhartr7@fema.gov,Canada,244.227.17.224
Chris,Kelley,ckelleyr8@bloomberg.com,Philippines,135.125.115.229
Margaret,Oliver,moliverr9@ucoz.ru,Portugal,32.215.98.145
Julie,Jones,jjonesra@list-manage.com,Indonesia,189.47.218.106
Alice,Hamilton,ahamiltonrb@hhs.gov,Indonesia,30.146.193.156
Timothy,Brooks,tbrooksrc@arstechnica.com,Sweden,6.14.176.104
Alice,Allen,aallenrd@vkontakte.ru,China,13.178.107.253
Scott,Ramos,sramosre@sphinn.com,China,237.191.184.209
Jerry,Hamilton,jhamiltonrf@ustream.tv,United States,170.83.197.59
Fred,Andrews,fandrewsrg@infoseek.co.jp,Bulgaria,230.28.95.24
Chris,Hayes,chayesrh@infoseek.co.jp,Burkina Faso,2.21.186.170
Joseph,Gonzalez,jgonzalezri@a8.net,Indonesia,161.63.18.200
Sandra,Perez,sperezrj@disqus.com,China,18.10.80.17
Rachel,Bennett,rbennettrk@jalbum.net,Philippines,145.78.83.94
David,Duncan,dduncanrl@reddit.com,South Africa,89.99.30.83
Lillian,Sanders,lsandersrm@mapy.cz,Mongolia,167.162.126.26
Sharon,Harper,sharperrn@amazon.co.jp,France,25.99.173.111
Heather,Lawrence,hlawrencero@dot.gov,Indonesia,171.127.236.124
Alice,Harrison,aharrisonrp@liveinternet.ru,Cuba,14.60.189.162
Helen,Snyder,hsnyderrq@wikispaces.com,Jordan,203.71.233.203
Carl,Jacobs,cjacobsrr@wikia.com,Sweden,67.196.230.53
